"Data","Último","Abertura","Máxima","Mínima","Vol.","Var%"
"13.07.2021","22,20","21,97","22,29","21,77","13,06M","0,45%"
"12.07.2021","22,10","22,06","22,40","21,95","20,31M","0,82%"
"08.07.2021","21,92","21,68","22,07","21,48","17,91M","-0,41%"
"07.07.2021","22,01","21,30","22,15","21,28","30,68M","4,46%"
"06.07.2021","21,07","21,14","21,43","20,95","19,76M","-1,45%"
"05.07.2021","21,38","21,50","21,60","21,13","8,64M","-1,20%"
"02.07.2021","21,64","20,80","21,69","20,76","24,16M","4,59%"
"01.07.2021","20,69","21,22","21,27","20,42","18,08M","-2,17%"
"30.06.2021","21,15","21,53","21,60","21,01","25,04M","-2,40%"
"29.06.2021","21,67","21,53","21,69","21,05","11,74M","0,65%"
"28.06.2021","21,53","21,39","21,84","21,12","20,80M","0,65%"
"25.06.2021","21,39","21,77","21,93","21,06","29,78M","-1,20%"
"24.06.2021","21,65","20,80","21,73","20,70","31,32M","5,20%"
"23.06.2021","20,58","20,95","21,22","20,51","16,25M","-1,86%"
"22.06.2021","20,97","21,33","21,34","20,66","16,34M","-1,41%"
"21.06.2021","21,27","21,17","21,32","20,88","10,90M","0,95%"
"18.06.2021","21,07","21,31","21,51","21,02","28,54M","-1,13%"
"17.06.2021","21,31","20,30","21,37","20,08","30,28M","4,92%"
"16.06.2021","20,31","20,95","21,00","20,06","29,05M","-2,78%"
"15.06.2021","20,89","20,56","21,18","20,48","22,53M","1,46%"
"14.06.2021","20,59","20,44","20,73","20,38","16,47M","1,03%"
"11.06.2021","20,38","20,28","20,48","19,99","11,24M","0,49%"
"10.06.2021","20,28","20,34","20,39","19,93","15,54M","0,05%"
"09.06.2021","20,27","21,05","21,09","20,22","26,45M","-3,71%"
"08.06.2021","21,05","21,09","21,43","20,85","34,94M","1,20%"
"07.06.2021","20,80","20,94","20,99","20,57","13,51M","-0,24%"
"04.06.2021","20,85","20,61","21,05","20,51","17,79M","1,71%"
"02.06.2021","20,50","20,41","21,26","20,25","27,25M","0,74%"
"01.06.2021","20,35","20,26","20,65","20,21","17,83M","0,94%"
"31.05.2021","20,16","20,26","20,40","19,98","12,44M","-0,44%"
"28.05.2021","20,25","19,70","20,42","19,62","19,35M","3,37%"
"27.05.2021","19,59","19,74","19,84","19,47","22,36M","-0,41%"
"26.05.2021","19,67","20,36","20,39","19,65","19,39M","-1,75%"
"25.05.2021","20,02","20,20","20,66","20,02","33,66M","0,10%"
"24.05.2021","20,00","18,55","20,06","18,51","43,76M","7,93%"
"21.05.2021","18,53","18,75","18,78","18,25","22,81M","-1,12%"
"20.05.2021","18,74","18,68","18,88","18,60","10,96M","0,32%"
"19.05.2021","18,68","18,76","19,12","18,54","16,65M","-1,53%"
"18.05.2021","18,97","18,83","19,41","18,77","17,87M","0,58%"
"17.05.2021","18,86","19,12","19,22","18,73","15,47M","-1,51%"
"14.05.2021","19,15","19,60","19,74","18,97","26,78M","0,10%"
"13.05.2021","19,13","18,81","19,25","18,73","19,72M","2,90%"
"12.05.2021","18,59","19,00","19,15","18,50","21,48M","-3,78%"
"11.05.2021","19,32","19,00","19,39","18,66","26,57M","0,62%"
"10.05.2021","19,20","19,89","19,98","19,05","21,84M","-3,47%"
"07.05.2021","19,89","19,58","19,90","19,33","23,14M","2,21%"
"06.05.2021","19,46","19,85","19,95","19,30","26,88M","-2,21%"
"05.05.2021","19,90","19,85","20,09","19,68","14,94M","0,76%"
"04.05.2021","19,75","20,18","20,23","19,64","19,28M","-2,13%"
"03.05.2021","20,18","20,11","20,25","19,90","17,72M","0,75%"
"30.04.2021","20,03","20,10","20,39","19,87","29,26M","-1,14%"
"29.04.2021","20,26","20,63","20,67","19,91","34,24M","-1,89%"
"28.04.2021","20,65","20,94","21,10","20,58","28,28M","-1,43%"
"27.04.2021","20,95","21,60","21,65","20,93","15,63M","-3,50%"
"26.04.2021","21,71","21,61","21,81","21,50","19,55M","-0,09%"
"23.04.2021","21,73","21,26","21,73","21,13","25,81M","2,74%"
"22.04.2021","21,15","21,71","21,85","21,11","22,45M","-2,08%"
"20.04.2021","21,60","21,64","21,80","21,42","20,43M","-0,23%"
"19.04.2021","21,65","21,91","22,15","21,54","21,97M","-1,23%"
"16.04.2021","21,92","22,19","22,25","21,76","19,72M","-1,26%"
"15.04.2021","22,20","22,22","22,52","22,10","18,35M","0,36%"
"14.04.2021","22,12","22,35","22,35","21,87","24,15M","-0,36%"
"13.04.2021","22,20","21,72","22,29","21,48","28,87M","2,54%"
"12.04.2021","21,65","21,78","21,93","21,61","20,59M","-0,09%"
"09.04.2021","21,67","21,65","22,02","21,60","35,61M","-0,82%"
"08.04.2021","21,85","20,23","21,90","20,21","56,10M","8,28%"
"07.04.2021","20,18","20,50","20,53","20,03","25,03M","-2,04%"
"06.04.2021","20,60","20,34","20,72","20,06","26,43M","0,88%"
"05.04.2021","20,42","20,60","20,73","19,93","27,07M","-0,10%"
"01.04.2021","20,44","20,28","21,02","20,05","42,84M","0,99%"
"31.03.2021","20,24","20,16","20,46","19,67","36,13M","0,90%"
"30.03.2021","20,06","19,49","20,32","19,42","35,93M","2,09%"
"29.03.2021","19,65","19,93","20,05","19,40","41,21M","-1,65%"
"26.03.2021","19,98","20,40","20,70","19,70","50,20M","-1,58%"
"25.03.2021","20,30","20,05","20,97","19,97","48,75M","-0,34%"
"24.03.2021","20,37","21,48","21,51","20,21","59,37M","-5,30%"
"23.03.2021","21,51","21,80","22,03","21,35","30,77M","-1,83%"
"22.03.2021","21,91","22,40","22,73","21,45","46,01M","-1,70%"
"19.03.2021","22,29","22,48","22,65","22,03","63,46M","0,04%"
"18.03.2021","22,28","23,76","23,85","22,07","53,49M","-6,93%"
"17.03.2021","23,94","23,86","24,05","23,41","37,39M","-0,87%"
"16.03.2021","24,15","23,82","24,39","23,60","38,09M","1,81%"
"15.03.2021","23,72","24,35","24,76","23,55","76,51M","-3,46%"
"12.03.2021","24,57","24,60","24,90","24,27","24,57M","-0,93%"
"11.03.2021","24,80","25,07","25,08","24,46","30,65M","-0,40%"
"10.03.2021","24,90","23,75","25,09","23,47","41,87M","6,46%"
"09.03.2021","23,39","23,55","23,97","23,31","73,82M","1,26%"
"08.03.2021","23,10","24,69","24,77","23,10","82,91M","-8,08%"
"05.03.2021","25,13","25,19","25,34","24,56","45,99M","-1,22%"
"04.03.2021","25,44","25,11","25,70","24,88","40,54M","1,27%"
"03.03.2021","25,12","24,53","25,28","23,50","47,20M","3,50%"
"02.03.2021","24,27","24,29","24,60","23,59","35,35M","-1,14%"
"01.03.2021","24,55","24,56","25,00","24,17","22,13M","1,53%"
"26.02.2021","24,18","24,08","24,96","23,98","45,69M","0,50%"
"25.02.2021","24,06","24,59","25,02","23,81","57,97M","-2,35%"
"24.02.2021","24,64","24,93","25,10","24,20","37,41M","-0,88%"
"23.02.2021","24,86","24,30","25,08","23,85","43,88M","2,52%"
"22.02.2021","24,25","24,23","24,52","23,66","41,41M","-2,77%"
"19.02.2021","24,94","24,92","25,39","24,19","38,67M","-0,40%"
"18.02.2021","25,04","25,50","25,59","24,80","22,58M","-1,80%"
"17.02.2021","25,50","25,72","26,21","25,46","24,75M","-1,58%"
"12.02.2021","25,91","25,52","25,98","25,35","15,13M","1,01%"
"11.02.2021","25,65","25,50","25,95","25,41","20,57M","1,38%"
"10.02.2021","25,30","26,10","26,12","25,11","40,04M","-3,58%"
"09.02.2021","26,24","26,16","26,45","25,90","19,35M","0,31%"
"08.02.2021","26,16","25,85","26,40","25,52","25,77M","1,20%"
"05.02.2021","25,85","25,38","26,09","25,38","24,92M","2,13%"
"04.02.2021","25,31","25,64","26,20","25,16","19,71M","-1,33%"
"03.02.2021","25,65","25,44","25,77","25,04","20,96M","1,38%"
"02.02.2021","25,30","25,30","25,73","25,20","27,56M","1,48%"
"01.02.2021","24,93","25,68","25,74","24,75","29,27M","-1,35%"
"29.01.2021","25,27","25,74","26,08","25,03","36,14M","-3,51%"
"28.01.2021","26,19","25,87","26,50","25,39","32,82M","1,55%"
"27.01.2021","25,79","25,72","26,39","25,35","44,93M","0,16%"
"26.01.2021","25,75","26,25","27,07","25,67","44,47M","-0,92%"
"22.01.2021","25,99","25,13","26,30","25,10","43,00M","1,96%"
"21.01.2021","25,49","25,40","25,65","24,85","33,04M","0,28%"
"20.01.2021","25,42","24,18","25,53","24,12","48,09M","5,56%"
"19.01.2021","24,08","24,54","24,95","23,82","21,03M","-1,51%"
"18.01.2021","24,45","24,05","24,65","23,91","24,26M","2,05%"
"15.01.2021","23,96","23,42","24,11","23,35","32,76M","0,97%"
"14.01.2021","23,73","24,15","24,16","23,50","25,55M","-1,21%"
"13.01.2021","24,02","24,20","24,20","23,55","25,61M","-0,74%"
"12.01.2021","24,20","23,60","24,32","23,25","35,04M","3,02%"
"11.01.2021","23,49","23,50","23,85","23,33","26,65M","-1,47%"
"08.01.2021","23,84","23,19","24,30","23,02","43,99M","2,94%"
"07.01.2021","23,16","23,64","23,85","22,95","42,15M","-1,19%"
"06.01.2021","23,44","24,65","24,66","23,42","51,80M","-5,33%"
"05.01.2021","24,76","25,10","25,18","24,34","25,43M","-1,75%"
"04.01.2021","25,20","25,26","25,58","24,87","25,71M","1,00%"
"30.12.2020","24,95","25,37","25,66","24,95","19,19M","-1,20%"
"29.12.2020","25,25","25,20","25,53","24,99","17,79M","0,12%"
"28.12.2020","25,22","24,75","25,30","24,37","23,10M","1,12%"
"23.12.2020","24,94","25,22","25,60","24,94","20,56M","-0,76%"
"22.12.2020","25,13","25,26","25,39","24,82","25,22M","0,64%"
"21.12.2020","24,97","23,91","25,35","23,59","55,35M","1,96%"
"18.12.2020","24,49","24,45","24,60","24,07","31,02M","-0,08%"
"17.12.2020","24,51","24,83","25,08","24,33","23,43M","-1,68%"
"16.12.2020","24,93","24,47","24,94","24,14","41,31M","1,42%"
"15.12.2020","24,58","24,13","24,79","23,62","39,50M","2,33%"
"14.12.2020","24,02","22,98","24,19","22,85","43,30M","4,61%"
"11.12.2020","22,97","23,07","23,51","22,70","38,14M","-1,75%"
"10.12.2020","23,38","24,07","24,13","23,15","33,67M","-2,42%"
"09.12.2020","23,96","24,92","25,03","23,79","41,17M","-3,89%"
"08.12.2020","24,92","23,71","24,92","23,59","42,10M","4,83%"
"07.12.2020","23,78","23,64","24,24","23,41","24,57M","0,59%"
"04.12.2020","23,64","23,40","23,83","23,15","22,74M","1,55%"
"03.12.2020","23,28","23,06","23,58","22,91","33,18M","1,08%"
"02.12.2020","23,03","22,86","23,15","22,73","25,58M","0,74%"
"01.12.2020","22,86","23,63","23,75","22,58","49,28M","-2,14%"
"30.11.2020","23,36","24,17","24,66","23,20","67,11M","-3,35%"
"27.11.2020","24,16","24,29","24,52","23,90","36,13M","-0,25%"
"26.11.2020","24,22","23,88","24,27","23,80","23,11M","1,04%"
"25.11.2020","23,98","23,65","24,28","23,50","38,91M","1,27%"
"24.11.2020","23,68","23,35","23,95","22,88","57,47M","1,20%"
"23.11.2020","23,40","24,27","24,34","23,20","59,64M","-3,22%"
"20.11.2020","24,17","24,91","24,92","23,99","39,26M","-1,79%"
"19.11.2020","24,61","24,50","24,69","23,80","50,04M","0,41%"
"18.11.2020","24,51","24,67","24,70","24,04","31,52M","-0,77%"
"17.11.2020","24,70","24,72","25,24","24,50","31,91M","-0,48%"
"16.11.2020","24,82","25,27","25,36","24,24","41,36M","-1,00%"
"13.11.2020","25,07","25,73","25,75","24,83","35,56M","-1,49%"
"12.11.2020","25,45","25,50","25,92","24,88","33,82M","-0,39%"
"11.11.2020","25,55","25,37","26,18","25,25","51,17M","1,43%"
"10.11.2020","25,19","25,98","27,09","25,15","79,06M","-4,65%"
"09.11.2020","26,42","28,12","28,28","26,32","71,76M","-3,22%"
"06.11.2020","27,30","26,97","27,33","26,48","33,29M","-0,44%"
"05.11.2020","27,42","26,85","27,67","26,71","46,38M","4,81%"
"04.11.2020","26,16","25,37","26,60","25,34","51,19M","4,80%"
"03.11.2020","24,96","25,25","25,36","24,72","25,25M","1,46%"
"30.10.2020","24,60","25,12","25,27","24,13","30,77M","-2,88%"
"29.10.2020","25,33","24,37","25,55","23,86","37,38M","2,96%"
"28.10.2020","24,60","24,77","25,21","24,37","35,60M","-3,22%"
"27.10.2020","25,42","25,50","25,72","25,09","20,24M","-0,08%"
"26.10.2020","25,44","25,77","26,07","25,08","25,40M","-1,74%"
"23.10.2020","25,89","26,07","26,18","25,62","23,49M","-0,69%"
"22.10.2020","26,07","26,32","26,37","25,97","22,66M","-0,46%"
"21.10.2020","26,19","25,97","26,77","25,93","35,15M","0,69%"
"20.10.2020","26,01","25,77","26,11","25,62","27,49M","1,36%"
"19.10.2020","25,66","26,08","26,27","25,32","36,08M","-0,43%"
"16.10.2020","25,77","25,73","26,02","25,13","32,43M","1,14%"
"15.10.2020","25,48","24,99","26,04","24,97","34,37M","-0,31%"
"14.10.2020","25,56","26,47","27,22","25,01","82,85M","-1,58%"
"13.10.2020","25,97","24,86","26,07","24,85","94,01M","5,96%"
"09.10.2020","24,51","22,95","24,51","22,88","91,29M","6,84%"
"08.10.2020","22,94","22,43","22,98","22,25","46,24M","3,29%"
"07.10.2020","22,21","22,40","22,67","22,20","41,35M","-0,40%"
"06.10.2020","22,30","22,73","22,78","22,19","42,46M","-0,93%"
"05.10.2020","22,51","22,22","22,65","22,04","47,91M","2,37%"
"02.10.2020","21,99","22,74","22,92","21,88","58,79M","-4,19%"
"01.10.2020","22,95","22,31","22,95","22,28","45,22M","3,03%"
"30.09.2020","22,28","22,00","22,45","21,79","46,60M","1,97%"
"29.09.2020","21,85","21,86","22,19","21,62","38,06M","0,00%"
"28.09.2020","21,84","22,88","23,05","21,73","62,53M","-3,49%"
"25.09.2020","22,63","22,08","22,75","21,85","42,79M","1,49%"
"24.09.2020","22,30","21,70","22,42","21,40","48,23M","3,26%"
"23.09.2020","21,60","22,35","22,47","21,53","42,78M","-3,36%"
"22.09.2020","22,35","22,38","22,52","21,85","52,44M","0,89%"
"21.09.2020","22,15","21,29","22,26","21,06","60,68M","1,77%"
"18.09.2020","21,77","21,88","22,36","21,49","59,81M","0,07%"
"17.09.2020","21,75","22,12","22,30","21,64","49,05M","-2,32%"
"16.09.2020","22,27","22,43","22,70","22,13","36,73M","-0,46%"
"15.09.2020","22,37","22,83","23,09","22,25","45,28M","-0,80%"
"14.09.2020","22,55","22,28","22,94","22,23","49,44M","3,12%"
"11.09.2020","21,87","22,32","22,58","21,76","47,71M","-0,77%"
"10.09.2020","22,04","22,82","23,40","21,73","65,31M","-3,23%"
"09.09.2020","22,78","22,23","22,83","22,23","45,49M","4,00%"
"08.09.2020","21,90","21,74","22,35","21,35","44,87M","-1,22%"
"04.09.2020","22,17","22,34","22,59","20,85","89,66M","0,31%"
"03.09.2020","22,10","23,43","23,55","21,78","84,32M","-5,36%"
"02.09.2020","23,35","23,95","24,08","23,23","40,39M","-1,91%"
"01.09.2020","23,81","23,53","24,04","23,39","35,00M","2,26%"
"31.08.2020","23,28","23,60","23,61","23,07","44,47M","-1,44%"
"28.08.2020","23,62","23,10","23,62","22,95","39,06M","2,83%"
"27.08.2020","22,97","22,58","23,01","22,58","48,83M","2,03%"
"26.08.2020","22,51","22,00","22,85","21,97","68,89M","2,44%"
"25.08.2020","21,98","21,95","22,15","21,83","29,32M","1,06%"
"24.08.2020","21,75","22,02","22,25","21,63","31,02M","-0,31%"
"21.08.2020","21,81","21,72","22,15","21,58","32,70M","0,00%"
"20.08.2020","21,81","22,02","22,04","21,52","54,21M","-2,62%"
"19.08.2020","22,40","22,23","22,53","22,03","54,22M","0,22%"
"18.08.2020","22,35","21,35","22,43","20,98","127,01M","9,61%"
"17.08.2020","20,39","20,60","20,85","19,83","57,80M","-0,13%"
"14.08.2020","20,42","20,13","20,59","20,03","42,31M","1,63%"
"13.08.2020","20,09","20,13","20,98","19,84","62,93M","0,49%"
"12.08.2020","19,99","20,31","20,51","19,78","43,78M","-1,15%"
"11.08.2020","20,23","20,65","20,73","20,04","42,30M","-1,15%"
"10.08.2020","20,46","21,52","21,55","20,26","60,36M","-4,34%"
"07.08.2020","21,39","21,28","21,85","21,06","46,21M","-0,30%"
"06.08.2020","21,46","20,98","21,53","20,85","43,84M","3,51%"
"05.08.2020","20,73","20,80","21,09","20,70","30,10M","0,61%"
"04.08.2020","20,60","20,34","20,78","20,18","31,26M","-0,08%"
"03.08.2020","20,62","20,28","20,68","19,92","37,80M","2,30%"
"31.07.2020","20,16","21,03","21,17","19,98","45,09M","-2,99%"
"30.07.2020","20,78","19,76","20,82","19,72","45,19M","3,84%"
"29.07.2020","20,01","20,20","20,31","19,84","25,15M","-0,24%"
"28.07.2020","20,06","19,79","20,23","19,59","29,71M","1,32%"
"27.07.2020","19,79","20,12","20,44","19,58","40,31M","-0,40%"
"24.07.2020","19,87","19,93","19,93","19,26","54,07M","-0,91%"
"23.07.2020","20,06","21,22","21,30","19,58","50,53M","-5,02%"
"22.07.2020","21,12","20,95","21,47","20,50","42,91M","0,42%"
"21.07.2020","21,03","22,13","22,33","20,88","60,79M","-3,10%"
"20.07.2020","21,70","20,55","21,74","20,48","43,13M","6,10%"
"17.07.2020","20,46","20,08","20,51","20,08","43,84M","2,27%"
"16.07.2020","20,00","20,23","20,41","19,74","44,47M","-1,62%"
"15.07.2020","20,33","20,28","20,43","20,17","50,82M","1,24%"
"14.07.2020","20,08","20,14","20,54","19,82","56,45M","0,00%"
"13.07.2020","20,08","20,11","20,51","20,01","43,43M","0,40%"
"10.07.2020","20,00","19,78","20,21","19,69","51,72M","0,98%"
"09.07.2020","19,81","19,21","19,85","19,02","46,35M","3,52%"
"08.07.2020","19,13","18,77","19,13","18,66","46,46M","2,65%"
"07.07.2020","18,64","17,94","18,66","17,73","49,45M","3,79%"
"06.07.2020","17,96","18,16","18,26","17,86","32,43M","0,00%"
"03.07.2020","17,96","17,51","17,97","17,29","28,15M","2,71%"
"02.07.2020","17,49","18,15","18,27","17,49","42,72M","-3,04%"
"01.07.2020","18,04","17,96","18,09","17,69","35,18M","0,91%"
"30.06.2020","17,87","17,42","18,19","17,37","51,15M","1,76%"
"29.06.2020","17,56","17,50","17,56","17,05","32,78M","1,53%"
"26.06.2020","17,30","17,33","17,69","17,13","32,73M","-0,49%"
"25.06.2020","17,38","17,44","17,64","17,15","31,51M","-0,16%"
"24.06.2020","17,41","17,51","17,86","17,01","42,54M","-0,64%"
"23.06.2020","17,52","17,85","17,98","17,52","29,25M","-0,92%"
"22.06.2020","17,69","17,87","18,05","17,51","37,04M","-0,70%"
"19.06.2020","17,81","17,71","17,90","17,57","79,91M","2,44%"
"18.06.2020","17,39","16,76","17,69","16,44","77,62M","3,74%"
"17.06.2020","16,76","16,57","17,13","16,45","77,00M","1,80%"
"16.06.2020","16,46","16,61","16,83","16,11","62,14M","0,23%"
"15.06.2020","16,43","15,68","16,43","15,52","58,41M","2,97%"
"12.06.2020","15,95","15,67","16,21","15,59","68,17M","-1,01%"
"10.06.2020","16,11","15,72","16,23","15,25","78,88M","3,56%"
"09.06.2020","15,56","15,26","15,89","15,19","45,61M","0,00%"
"08.06.2020","15,56","14,97","15,79","14,79","82,19M","4,93%"
"05.06.2020","14,83","15,47","15,49","14,60","77,07M","-1,72%"
"04.06.2020","15,09","15,37","15,50","14,97","50,90M","-3,03%"
"03.06.2020","15,56","15,69","15,84","15,01","78,13M","0,94%"
"02.06.2020","15,42","16,12","16,21","15,32","74,00M","-2,98%"
"01.06.2020","15,89","15,97","16,13","15,65","35,02M","-1,01%"
"29.05.2020","16,05","16,29","16,39","15,97","66,99M","-1,38%"
"28.05.2020","16,28","16,78","16,85","16,09","54,20M","-3,13%"
"27.05.2020","16,80","16,68","16,91","16,15","56,25M","4,47%"
"26.05.2020","16,09","15,77","17,00","15,75","102,09M","6,75%"
"25.05.2020","15,07","14,77","15,22","14,69","43,35M","4,77%"
"22.05.2020","14,38","14,44","14,79","14,26","43,79M","-1,10%"
"21.05.2020","14,54","14,37","14,74","14,24","42,03M","2,44%"
"20.05.2020","14,19","14,72","14,84","14,19","48,10M","-2,87%"
"19.05.2020","14,61","13,95","14,78","13,89","59,34M","5,08%"
"18.05.2020","13,91","14,09","14,14","13,75","41,22M","1,12%"
"15.05.2020","13,75","13,72","14,03","13,55","34,92M","-0,67%"
"14.05.2020","13,84","13,67","13,90","13,42","53,27M","0,73%"
"13.05.2020","13,75","13,87","13,95","13,58","49,11M","0,55%"
"12.05.2020","13,67","13,84","14,22","13,49","40,62M","-0,27%"
"11.05.2020","13,71","13,83","14,11","13,61","33,54M","-1,06%"
"08.05.2020","13,85","14,45","14,45","13,66","55,20M","-2,20%"
"07.05.2020","14,17","14,09","14,52","13,32","92,41M","2,97%"
"06.05.2020","13,76","13,03","13,99","12,98","118,66M","9,86%"
"05.05.2020","12,52","13,01","13,17","12,51","50,89M","-2,41%"
"04.05.2020","12,83","11,97","12,89","11,80","52,12M","3,50%"
"30.04.2020","12,40","12,44","12,86","12,25","46,42M","-1,82%"
"29.04.2020","12,63","13,12","13,19","12,51","66,52M","-2,28%"
"28.04.2020","12,92","12,72","12,92","12,51","57,69M","4,65%"
"27.04.2020","12,35","12,28","12,47","11,97","69,73M","4,47%"
"24.04.2020","11,82","12,07","12,26","10,65","105,26M","-4,22%"
"23.04.2020","12,34","12,94","13,10","12,12","69,82M","-2,14%"
"22.04.2020","12,61","12,35","13,02","12,25","88,87M","4,27%"
"20.04.2020","12,09","10,91","12,11","10,79","79,13M","8,72%"
"17.04.2020","11,12","11,64","11,70","10,95","48,18M","-2,15%"
"16.04.2020","11,37","11,14","11,48","11,03","57,93M","3,92%"
"15.04.2020","10,94","10,50","11,06","10,35","53,94M","2,21%"
"14.04.2020","10,70","10,70","10,83","10,56","44,49M","2,36%"
"13.04.2020","10,45","10,25","10,50","10,15","33,61M","0,62%"
"09.04.2020","10,39","10,68","10,90","10,29","51,61M","-0,74%"
"08.04.2020","10,47","10,05","10,53","9,84","62,91M","4,66%"
"07.04.2020","10,00","10,34","10,63","10,00","78,28M","4,95%"
"06.04.2020","9,53","9,58","9,82","9,28","64,71M","7,48%"
"03.04.2020","8,87","8,82","8,89","8,31","65,60M","-0,98%"
"02.04.2020","8,95","9,53","9,65","8,76","81,57M","-4,24%"
"01.04.2020","9,35","9,33","9,76","9,00","73,31M","-3,87%"
"31.03.2020","9,73","10,60","10,78","9,68","96,64M","-6,27%"
"30.03.2020","10,38","10,23","10,48","9,93","75,36M","6,67%"
"27.03.2020","9,73","9,65","10,16","9,39","68,00M","-5,16%"
"26.03.2020","10,26","10,14","11,08","10,04","91,19M","2,80%"
"25.03.2020","9,98","9,20","10,81","9,16","124,53M","9,05%"
"24.03.2020","9,15","8,41","9,43","8,41","82,36M","21,42%"
"23.03.2020","7,54","8,11","8,21","7,37","85,38M","-1,44%"
"20.03.2020","7,65","8,18","9,00","7,65","112,82M","0,33%"
"19.03.2020","7,62","6,86","7,83","6,24","112,50M","6,04%"
"18.03.2020","7,19","7,99","8,39","6,60","121,29M","-19,00%"
"17.03.2020","8,87","9,01","9,40","8,19","107,86M","4,40%"
"16.03.2020","8,50","8,73","9,96","8,50","91,61M","-18,88%"
"13.03.2020","10,48","10,60","10,67","8,53","120,06M","23,53%"
"12.03.2020","8,48","8,98","9,69","7,63","69,53M","-21,08%"
"11.03.2020","10,75","11,23","11,67","9,95","79,46M","-8,32%"
"10.03.2020","11,72","11,23","11,73","10,55","81,80M","16,43%"
"09.03.2020","10,07","9,73","10,57","9,67","96,77M","-10,96%"
"06.03.2020","11,31","11,01","11,58","10,74","113,37M","-5,15%"
"05.03.2020","11,92","12,97","12,97","11,62","84,79M","-8,88%"
"04.03.2020","13,08","13,57","13,59","12,94","45,34M","-0,76%"
"03.03.2020","13,18","13,14","13,67","12,89","58,39M","0,57%"
"02.03.2020","13,11","12,65","13,33","12,43","64,61M","4,02%"
"28.02.2020","12,60","12,22","12,60","11,78","78,80M","0,54%"
"27.02.2020","12,54","12,97","13,32","12,48","58,82M","-4,97%"
"26.02.2020","13,19","13,24","13,48","12,91","53,72M","-6,32%"
"21.02.2020","14,08","13,88","14,42","13,82","38,34M","-0,16%"
"20.02.2020","14,10","14,45","14,50","13,93","44,56M","-2,28%"
"19.02.2020","14,43","14,56","14,69","14,37","36,51M","-0,62%"
"18.02.2020","14,52","14,53","14,74","14,34","38,23M","-1,07%"
"17.02.2020","14,68","14,47","14,95","14,26","73,78M","4,47%"
"14.02.2020","14,05","14,37","14,46","13,97","36,68M","-1,26%"
"13.02.2020","14,23","13,70","14,29","13,50","54,98M","1,98%"
"12.02.2020","13,95","13,60","14,11","13,53","42,10M","3,08%"
"11.02.2020","13,54","13,27","13,67","12,90","37,95M","3,61%"
"10.02.2020","13,07","13,47","13,85","12,86","51,32M","-3,41%"
"07.02.2020","13,53","13,89","13,95","13,35","39,08M","-2,87%"
"06.02.2020","13,93","14,47","14,51","13,92","41,16M","-2,57%"
"05.02.2020","14,29","14,59","14,68","14,23","34,48M","-0,62%"
"04.02.2020","14,38","14,37","14,64","14,25","32,87M","2,00%"
"03.02.2020","14,10","14,09","14,21","13,88","24,57M","1,31%"
"31.01.2020","13,92","13,88","14,26","13,77","38,78M","-1,24%"
"30.01.2020","14,09","14,06","14,14","13,73","44,30M","-1,38%"
"29.01.2020","14,29","14,35","14,49","14,13","39,80M","0,53%"
"28.01.2020","14,22","13,47","14,22","13,47","41,43M","5,93%"
"27.01.2020","13,42","13,73","13,80","13,41","30,10M","-4,19%"
"24.01.2020","14,01","14,16","14,23","13,97","30,07M","-0,76%"
"23.01.2020","14,11","13,89","14,15","13,70","32,74M","1,60%"
"22.01.2020","13,89","14,10","14,24","13,68","36,06M","-0,39%"
"21.01.2020","13,95","13,90","14,15","13,87","32,26M","-0,16%"
"20.01.2020","13,97","13,50","13,97","13,48","29,62M","3,04%"
"17.01.2020","13,56","13,42","13,58","13,25","24,18M","1,66%"
"16.01.2020","13,34","13,52","13,65","13,05","33,52M","-0,37%"
"15.01.2020","13,39","13,39","13,56","13,27","36,97M","-0,63%"
"14.01.2020","13,47","13,47","13,73","13,37","33,18M","-0,42%"
"13.01.2020","13,53","13,02","13,53","13,01","34,31M","4,69%"
"10.01.2020","12,92","12,99","13,23","12,73","37,48M","-0,54%"
"09.01.2020","12,99","12,60","13,03","12,58","44,12M","3,56%"
"08.01.2020","12,55","12,13","12,56","12,10","40,01M","3,07%"
"07.01.2020","12,17","12,21","12,27","12,10","26,82M","-0,29%"
"06.01.2020","12,21","12,07","12,30","11,92","27,36M","0,08%"
"03.01.2020","12,20","12,10","12,31","12,05","26,74M","-0,89%"
"02.01.2020","12,31","12,05","12,31","11,90","29,60M","3,49%"
"30.12.2019","11,89","12,16","12,21","11,84","32,35M","-2,11%"
"27.12.2019","12,15","12,25","12,32","12,00","23,70M","-0,73%"
"26.12.2019","12,24","12,16","12,24","12,12","19,40M","0,72%"
"23.12.2019","12,15","12,11","12,28","12,06","26,01M","0,31%"
"20.12.2019","12,11","12,12","12,22","11,96","36,74M","-0,06%"
"19.12.2019","12,12","12,10","12,15","11,94","30,08M","0,19%"
"18.12.2019","12,10","12,00","12,21","11,88","41,21M","1,36%"
"17.12.2019","11,94","12,31","12,31","11,77","48,48M","-2,88%"
"16.12.2019","12,29","12,34","12,43","12,13","42,75M","0,47%"
"13.12.2019","12,23","12,04","12,38","11,96","54,63M","2,59%"
"12.12.2019","11,92","11,96","12,06","11,85","36,26M","0,53%"
"11.12.2019","11,86","11,69","11,94","11,63","45,07M","2,10%"
"10.12.2019","11,62","11,45","11,62","11,29","33,75M","1,64%"
"09.12.2019","11,43","11,32","11,59","11,30","51,05M","0,99%"
"06.12.2019","11,32","11,22","11,36","11,17","30,21M","1,14%"
"05.12.2019","11,19","11,04","11,26","10,99","39,04M","1,86%"
"04.12.2019","10,99","11,14","11,40","10,97","58,36M","-1,17%"
"03.12.2019","11,11","11,26","11,27","10,97","34,45M","-0,73%"
"02.12.2019","11,20","11,33","11,38","11,10","39,41M","-0,24%"
"29.11.2019","11,22","11,42","11,44","11,22","45,51M","-1,25%"
"28.11.2019","11,37","11,30","11,48","11,17","48,19M","0,00%"
"27.11.2019","11,37","10,83","11,37","10,77","65,13M","5,95%"
"26.11.2019","10,73","11,02","11,04","10,60","71,94M","-2,84%"
"25.11.2019","11,04","11,34","11,34","11,04","36,31M","-2,62%"
"22.11.2019","11,34","11,14","11,39","11,11","47,98M","1,09%"
"21.11.2019","11,22","11,19","11,24","11,03","42,85M","1,08%"
"19.11.2019","11,10","11,21","11,28","10,85","59,73M","-1,02%"
"18.11.2019","11,21","11,22","11,26","10,91","110,62M","1,65%"
"14.11.2019","11,03","10,64","11,08","10,61","72,27M","4,12%"
"13.11.2019","10,59","10,68","10,69","10,39","91,29M","-2,07%"
"12.11.2019","10,82","11,27","11,33","10,74","65,44M","-3,60%"
"11.11.2019","11,22","10,84","11,34","10,78","44,66M","2,76%"
"08.11.2019","10,92","10,85","11,16","10,71","42,56M","-0,88%"
"07.11.2019","11,02","11,37","11,44","11,01","39,11M","-2,21%"
"06.11.2019","11,27","11,09","11,29","10,84","47,18M","2,63%"
"05.11.2019","10,98","11,30","11,54","10,85","72,75M","-2,07%"
"04.11.2019","11,21","12,00","12,16","11,16","125,37M","-4,70%"
"01.11.2019","11,76","11,20","11,79","11,19","91,66M","5,71%"
"31.10.2019","11,13","10,81","11,13","10,61","95,42M","1,41%"
"30.10.2019","10,97","10,68","11,08","10,53","127,47M","6,97%"
"29.10.2019","10,26","10,76","10,82","10,13","49,02M","-3,56%"
"28.10.2019","10,64","10,52","10,76","10,48","41,78M","1,60%"
"25.10.2019","10,47","10,81","10,84","10,47","32,18M","-2,89%"
"24.10.2019","10,78","10,84","10,96","10,76","23,68M","-0,55%"
"23.10.2019","10,84","10,87","10,97","10,70","32,22M","-0,53%"
"22.10.2019","10,90","10,77","10,96","10,76","23,62M","1,44%"
"21.10.2019","10,74","10,81","10,86","10,57","24,53M","0,23%"
"18.10.2019","10,72","10,83","10,96","10,56","28,27M","-0,39%"
"17.10.2019","10,76","10,64","11,06","10,62","53,10M","0,96%"
"16.10.2019","10,66","10,37","10,69","10,21","40,95M","2,30%"
"15.10.2019","10,42","10,52","10,67","10,28","38,02M","-0,88%"
"14.10.2019","10,51","9,97","10,51","9,95","43,77M","4,12%"
"11.10.2019","10,10","9,84","10,16","9,81","43,57M","4,01%"
"10.10.2019","9,71","9,90","9,97","9,67","30,08M","-1,79%"
"09.10.2019","9,88","9,55","9,89","9,54","35,45M","4,34%"
"08.10.2019","9,47","9,63","9,71","9,44","42,36M","-0,85%"
"07.10.2019","9,55","9,60","9,89","9,49","39,17M","-0,98%"
"04.10.2019","9,65","9,30","9,68","9,28","59,23M","3,97%"
"03.10.2019","9,28","9,10","9,28","8,97","23,02M","2,19%"
"02.10.2019","9,08","9,24","9,28","9,02","35,18M","-2,54%"
"01.10.2019","9,32","9,24","9,32","9,13","25,67M","1,11%"
"30.09.2019","9,22","9,14","9,26","9,09","20,49M","0,65%"
"27.09.2019","9,16","9,10","9,17","8,99","16,07M","0,63%"
"26.09.2019","9,10","9,16","9,27","9,08","27,55M","-0,41%"
"25.09.2019","9,14","9,09","9,17","8,89","22,36M","-0,14%"
"24.09.2019","9,15","8,98","9,21","8,95","37,48M","2,17%"
"23.09.2019","8,95","9,10","9,10","8,89","24,40M","-1,56%"
"20.09.2019","9,10","8,94","9,10","8,82","42,44M","2,09%"
"19.09.2019","8,91","8,81","9,04","8,81","45,82M","2,14%"
"18.09.2019","8,72","8,58","8,76","8,57","25,36M","0,60%"
"17.09.2019","8,67","8,49","8,75","8,42","41,15M","0,00%"
"16.09.2019","8,68","8,41","8,68","8,15","42,26M","2,26%"
"13.09.2019","8,48","8,76","8,77","8,47","30,65M","-2,57%"
"12.09.2019","8,71","8,71","8,80","8,43","50,11M","1,16%"
"11.09.2019","8,61","8,38","8,62","8,25","65,14M","6,46%"
"10.09.2019","8,09","8,21","8,29","7,87","95,24M","-4,97%"
"09.09.2019","8,51","8,98","9,00","8,34","56,87M","-5,00%"
"06.09.2019","8,96","9,20","9,22","8,92","31,17M","-1,91%"
"05.09.2019","9,13","9,33","9,40","9,12","27,90M","-1,34%"
"04.09.2019","9,26","9,12","9,26","9,04","31,10M","3,68%"
"03.09.2019","8,93","9,03","9,30","8,90","29,24M","-1,99%"
"02.09.2019","9,11","9,08","9,19","8,98","26,82M","0,88%"
"30.08.2019","9,03","9,35","9,44","8,93","43,84M","-2,60%"
"29.08.2019","9,27","8,85","9,27","8,79","55,47M","6,73%"
"28.08.2019","8,69","8,46","8,70","8,33","43,87M","2,05%"
"27.08.2019","8,51","8,52","8,69","8,41","51,69M","1,51%"
"26.08.2019","8,38","8,67","8,71","8,27","37,92M","-0,24%"
"23.08.2019","8,40","8,37","8,70","8,21","66,06M","-1,89%"
"22.08.2019","8,57","9,13","9,18","8,53","52,28M","-5,77%"
"21.08.2019","9,09","9,15","9,26","9,09","25,07M","0,00%"
"20.08.2019","9,09","9,37","9,37","9,01","40,92M","-3,44%"
"19.08.2019","9,41","9,47","9,50","9,28","22,78M","0,72%"
"16.08.2019","9,34","9,35","9,42","9,06","35,25M","3,44%"
"15.08.2019","9,03","9,33","9,46","8,98","40,04M","-1,73%"
"14.08.2019","9,19","9,30","9,52","9,10","52,40M","-2,38%"
"13.08.2019","9,42","9,35","9,53","9,31","63,83M","3,93%"
"12.08.2019","9,06","9,40","9,40","8,95","37,71M","-3,60%"
"09.08.2019","9,40","9,24","9,62","9,24","47,79M","1,72%"
"08.08.2019","9,24","9,13","9,29","9,09","38,36M","2,29%"
"07.08.2019","9,03","9,18","9,18","8,77","45,87M","-0,79%"
"06.08.2019","9,11","8,85","9,22","8,84","68,98M","6,09%"
"05.08.2019","8,58","8,77","8,77","8,56","58,85M","-2,66%"
"02.08.2019","8,82","8,73","8,86","8,63","45,11M","2,55%"
"01.08.2019","8,60","8,38","8,68","8,34","78,67M","4,85%"
"31.07.2019","8,20","8,33","8,40","8,10","49,88M","-0,31%"
"30.07.2019","8,23","8,20","8,44","8,18","56,04M","0,28%"
"29.07.2019","8,20","7,84","8,22","7,79","45,83M","4,68%"
"26.07.2019","7,84","7,66","7,89","7,62","37,27M","3,08%"
"25.07.2019","7,60","7,70","7,72","7,53","35,34M","-0,54%"
"24.07.2019","7,64","7,56","7,75","7,56","27,48M","1,57%"
"23.07.2019","7,53","7,74","7,76","7,51","35,73M","-2,16%"
"22.07.2019","7,69","7,49","7,70","7,43","47,42M","3,91%"
"19.07.2019","7,40","7,74","7,76","7,40","47,92M","-3,62%"
"18.07.2019","7,68","7,70","7,79","7,62","39,06M","1,07%"
"17.07.2019","7,60","7,37","7,80","7,37","83,35M","4,44%"
"16.07.2019","7,28","7,21","7,28","7,20","22,11M","1,45%"
"15.07.2019","7,17","7,31","7,32","7,15","29,62M","-0,60%"
"12.07.2019","7,22","7,31","7,47","7,21","61,08M","0,55%"
"11.07.2019","7,18","7,33","7,33","7,13","34,36M","-1,17%"
"10.07.2019","7,26","7,19","7,34","7,19","35,44M","1,79%"
"08.07.2019","7,13","7,03","7,19","7,00","30,01M","1,47%"
"05.07.2019","7,03","6,90","7,10","6,86","31,41M","2,25%"
"04.07.2019","6,88","6,92","6,97","6,88","36,10M","0,11%"
"03.07.2019","6,87","6,59","6,87","6,57","43,27M","3,95%"
"02.07.2019","6,61","6,55","6,61","6,50","22,67M","1,08%"
"01.07.2019","6,54","6,59","6,64","6,50","22,54M","-0,44%"
"28.06.2019","6,57","6,51","6,57","6,45","32,30M","1,18%"
"27.06.2019","6,49","6,48","6,51","6,39","23,60M","0,10%"
"26.06.2019","6,48","6,47","6,53","6,44","22,58M","0,94%"
"25.06.2019","6,42","6,50","6,56","6,42","33,16M","-1,65%"
"24.06.2019","6,53","6,60","6,65","6,49","26,89M","-1,26%"
"21.06.2019","6,61","6,56","6,65","6,56","39,45M","1,26%"
"19.06.2019","6,53","6,44","6,56","6,38","83,07M","0,91%"
"18.06.2019","6,47","6,55","6,61","6,44","35,12M","0,29%"
"17.06.2019","6,45","6,60","6,72","6,43","43,85M","-1,92%"
"14.06.2019","6,58","6,50","6,69","6,39","47,25M","0,94%"
"13.06.2019","6,52","6,41","6,54","6,39","41,02M","3,20%"
"12.06.2019","6,32","6,41","6,41","6,25","42,39M","-1,96%"
"11.06.2019","6,44","6,34","6,52","6,33","36,00M","2,32%"
"10.06.2019","6,30","6,17","6,36","6,11","37,41M","2,04%"
"07.06.2019","6,17","5,93","6,17","5,93","31,18M","4,44%"
"06.06.2019","5,91","6,03","6,03","5,85","21,57M","-0,62%"
"05.06.2019","5,95","6,10","6,13","5,85","40,38M","-1,71%"
"04.06.2019","6,05","6,16","6,19","5,97","25,71M","-0,11%"
"03.06.2019","6,06","6,13","6,18","6,02","26,36M","-0,64%"
"31.05.2019","6,10","5,97","6,10","5,96","26,92M","1,61%"
"30.05.2019","6,00","5,91","6,05","5,90","28,79M","1,91%"
"29.05.2019","5,89","5,92","6,08","5,82","45,07M","0,14%"
"28.05.2019","5,88","5,61","5,88","5,60","65,63M","6,18%"
"27.05.2019","5,54","5,63","5,66","5,54","15,46M","0,65%"
"24.05.2019","5,50","5,68","5,71","5,47","25,41M","-2,00%"
"23.05.2019","5,61","5,53","5,67","5,45","32,85M","0,11%"
"22.05.2019","5,61","5,63","5,73","5,54","35,19M","0,47%"
"21.05.2019","5,58","5,47","5,65","5,46","37,01M","3,71%"
"20.05.2019","5,38","5,29","5,45","5,26","32,73M","2,48%"
"17.05.2019","5,25","5,13","5,37","5,13","33,80M","1,09%"
"16.05.2019","5,19","5,36","5,37","5,19","56,52M","-3,47%"
"15.05.2019","5,38","5,48","5,48","5,34","47,42M","-2,95%"
"14.05.2019","5,54","5,69","5,75","5,54","32,24M","-0,98%"
"13.05.2019","5,60","5,74","5,76","5,60","29,67M","-3,47%"
"10.05.2019","5,80","5,82","5,87","5,63","28,08M","0,32%"
"09.05.2019","5,78","6,00","6,00","5,78","34,34M","-3,93%"
"08.05.2019","6,02","5,97","6,08","5,97","29,00M","0,70%"
"07.05.2019","5,98","6,27","6,29","5,95","54,56M","-4,03%"
"06.05.2019","6,23","6,06","6,25","6,03","48,74M","2,02%"
"03.05.2019","6,10","5,94","6,19","5,94","38,29M","2,89%"
"02.05.2019","5,93","5,87","5,99","5,84","43,07M","-0,27%"
"30.04.2019","5,95","5,71","5,95","5,69","68,13M","7,14%"
"29.04.2019","5,55","5,57","5,60","5,51","16,35M","-0,25%"
"26.04.2019","5,57","5,47","5,60","5,45","36,80M","2,26%"
"25.04.2019","5,44","5,32","5,44","5,29","24,51M","1,47%"
"24.04.2019","5,36","5,31","5,38","5,24","25,79M","0,85%"
"23.04.2019","5,32","5,22","5,33","5,22","16,60M","2,27%"
"22.04.2019","5,20","5,28","5,29","5,17","13,83M","-2,11%"
"18.04.2019","5,31","5,00","5,33","4,99","43,73M","6,87%"
"17.04.2019","4,97","5,09","5,12","4,93","38,95M","-1,77%"
"16.04.2019","5,06","5,08","5,15","5,03","23,47M","-0,26%"
"15.04.2019","5,07","5,15","5,18","5,04","41,47M","-0,81%"
"12.04.2019","5,11","5,09","5,23","5,04","26,44M","-0,70%"
"11.04.2019","5,15","5,23","5,23","5,09","20,59M","-1,60%"
"10.04.2019","5,23","5,18","5,23","5,14","20,26M","1,44%"
"09.04.2019","5,16","5,16","5,22","5,07","33,78M","-0,26%"
"08.04.2019","5,17","5,27","5,28","5,12","76,98M","-1,91%"
"05.04.2019","5,27","5,25","5,30","5,20","23,54M","0,59%"
"04.04.2019","5,24","5,27","5,32","5,20","22,64M","0,00%"
"03.04.2019","5,25","5,21","5,36","5,18","40,40M","1,76%"
"02.04.2019","5,16","5,34","5,35","5,14","35,46M","-3,00%"
"01.04.2019","5,31","5,40","5,42","5,31","16,01M","-0,90%"
"29.03.2019","5,36","5,34","5,40","5,31","22,87M","1,21%"
"28.03.2019","5,30","5,24","5,35","5,13","44,72M","1,66%"
"27.03.2019","5,21","5,43","5,43","5,16","50,54M","-4,86%"
"26.03.2019","5,48","5,43","5,48","5,39","24,35M","2,01%"
"25.03.2019","5,37","5,39","5,47","5,29","32,88M","-0,11%"
"22.03.2019","5,38","5,58","5,64","5,36","43,93M","-4,91%"
"21.03.2019","5,65","5,60","5,65","5,55","31,27M","0,34%"
"20.03.2019","5,64","5,61","5,66","5,56","23,03M","0,51%"
"19.03.2019","5,61","5,58","5,67","5,56","21,55M","0,16%"
"18.03.2019","5,60","5,49","5,63","5,47","43,08M","1,82%"
"15.03.2019","5,50","5,52","5,54","5,45","25,32M","0,39%"
"14.03.2019","5,48","5,49","5,54","5,45","13,39M","-0,44%"
"13.03.2019","5,50","5,53","5,57","5,45","22,79M","-0,88%"
"12.03.2019","5,55","5,62","5,63","5,52","22,46M","-2,04%"
"11.03.2019","5,66","5,61","5,70","5,53","38,83M","0,97%"
"08.03.2019","5,61","5,46","5,69","5,39","54,21M","2,07%"
"07.03.2019","5,50","5,32","5,52","5,29","39,68M","3,23%"
"06.03.2019","5,32","5,43","5,44","5,31","15,52M","-2,06%"
"01.03.2019","5,44","5,43","5,55","5,37","28,41M","1,01%"
"28.02.2019","5,38","5,46","5,49","5,28","32,04M","-1,44%"
"27.02.2019","5,46","5,54","5,57","5,42","25,50M","-1,40%"
"26.02.2019","5,54","5,37","5,58","5,31","33,78M","2,76%"
"25.02.2019","5,39","5,55","5,58","5,39","41,36M","-2,36%"
"22.02.2019","5,52","5,28","5,62","5,15","122,04M","10,43%"
"21.02.2019","5,00","5,09","5,10","4,95","40,64M","-0,86%"
"20.02.2019","5,04","5,33","5,33","5,03","48,36M","-4,22%"
"19.02.2019","5,26","5,21","5,34","5,20","30,27M","0,66%"
"18.02.2019","5,23","5,08","5,23","5,04","14,98M","2,79%"
"15.02.2019","5,09","5,26","5,27","5,09","31,44M","-3,94%"
"14.02.2019","5,30","5,04","5,31","4,97","33,74M","5,82%"
"13.02.2019","5,00","5,14","5,15","4,91","38,46M","-2,12%"
"12.02.2019","5,11","5,18","5,22","5,07","32,63M","-0,32%"
"11.02.2019","5,13","5,27","5,27","5,10","21,72M","-2,75%"
"08.02.2019","5,27","5,21","5,27","5,11","22,03M","1,92%"
"07.02.2019","5,18","5,29","5,44","5,18","37,66M","-1,71%"
"06.02.2019","5,27","5,41","5,41","5,23","25,85M","-3,30%"
"05.02.2019","5,45","5,49","5,50","5,42","14,45M","-0,89%"
"04.02.2019","5,49","5,51","5,53","5,41","17,36M","-0,97%"
"01.02.2019","5,55","5,55","5,60","5,46","20,67M","-0,15%"
"31.01.2019","5,56","5,51","5,62","5,39","30,59M","1,66%"
"30.01.2019","5,47","5,59","5,65","5,37","43,97M","-1,09%"
"29.01.2019","5,53","5,22","5,58","5,21","51,17M","6,40%"
"28.01.2019","5,19","5,15","5,23","5,09","25,05M","0,00%"
"24.01.2019","5,20","5,29","5,32","5,12","36,25M","-1,25%"
"23.01.2019","5,26","5,09","5,28","5,05","38,25M","4,66%"
"22.01.2019","5,03","5,06","5,18","4,98","65,05M","-2,96%"
"21.01.2019","5,18","5,40","5,41","5,18","40,01M","-4,13%"
"18.01.2019","5,41","5,45","5,49","5,38","22,50M","-0,16%"
"17.01.2019","5,41","5,40","5,47","5,36","28,73M","-0,30%"
"16.01.2019","5,43","5,50","5,52","5,37","35,45M","-1,11%"
"15.01.2019","5,49","5,59","5,61","5,45","32,90M","-1,13%"
"14.01.2019","5,55","5,52","5,58","5,46","34,13M","0,79%"
"11.01.2019","5,51","5,62","5,63","5,51","37,48M","-1,80%"
"10.01.2019","5,61","5,56","5,62","5,52","24,43M","0,97%"
"09.01.2019","5,56","5,62","5,65","5,52","24,80M","-0,33%"
"08.01.2019","5,58","5,63","5,66","5,55","19,40M","-0,81%"
"07.01.2019","5,62","5,52","5,66","5,50","21,17M","1,55%"
"04.01.2019","5,54","5,71","5,72","5,53","27,72M","-3,04%"
"03.01.2019","5,71","5,58","5,76","5,57","26,34M","-1,07%"
"02.01.2019","5,77","5,60","5,77","5,56","27,02M","3,05%"
"28.12.2018","5,60","5,44","5,60","5,44","26,54M","4,06%"
"27.12.2018","5,38","5,49","5,54","5,37","20,60M","-1,56%"
"26.12.2018","5,47","5,63","5,63","5,46","25,65M","-3,28%"
"21.12.2018","5,65","5,47","5,65","5,44","38,75M","2,71%"
"20.12.2018","5,50","5,52","5,57","5,35","32,63M","0,53%"
"19.12.2018","5,47","5,45","5,59","5,45","32,28M","0,63%"
"18.12.2018","5,44","5,28","5,44","5,25","31,58M","3,43%"
"17.12.2018","5,26","5,28","5,32","5,24","27,82M","-0,31%"
"14.12.2018","5,28","5,22","5,33","5,19","35,20M","1,85%"
"13.12.2018","5,18","5,20","5,25","5,17","19,07M","-0,30%"
"12.12.2018","5,20","5,10","5,20","5,10","27,91M","2,20%"
"11.12.2018","5,08","5,04","5,09","4,98","20,58M","2,40%"
"10.12.2018","4,96","5,08","5,13","4,96","22,18M","-2,32%"
"07.12.2018","5,08","5,09","5,17","5,04","25,72M","-0,59%"
"06.12.2018","5,11","5,03","5,14","5,00","23,03M","0,25%"
"05.12.2018","5,10","5,10","5,15","5,06","15,34M","0,00%"
"04.12.2018","5,10","5,04","5,19","4,97","53,33M","1,53%"
"03.12.2018","5,02","5,20","5,21","4,97","36,33M","-1,57%"
"30.11.2018","5,10","5,25","5,29","5,09","56,23M","-3,77%"
"29.11.2018","5,30","5,15","5,31","5,05","55,87M","0,76%"
"28.11.2018","5,26","5,17","5,37","5,14","62,41M","0,77%"
"27.11.2018","5,22","4,96","5,23","4,93","46,06M","6,53%"
"26.11.2018","4,90","5,08","5,14","4,89","43,81M","-2,58%"
"23.11.2018","5,03","4,96","5,09","4,96","38,09M","1,62%"
"22.11.2018","4,95","4,80","4,95","4,80","36,06M","2,91%"
"21.11.2018","4,81","4,79","4,86","4,71","29,88M","-0,41%"
"19.11.2018","4,83","4,86","4,89","4,78","21,42M","-0,41%"
"16.11.2018","4,85","4,86","4,88","4,80","43,23M","0,83%"
"14.11.2018","4,81","4,78","4,84","4,63","46,51M","1,26%"
"13.11.2018","4,75","4,80","4,91","4,72","54,57M","0,00%"
"12.11.2018","4,75","4,55","4,82","4,50","53,16M","4,86%"
"09.11.2018","4,53","4,58","4,60","4,43","68,40M","-0,88%"
"08.11.2018","4,57","4,66","4,77","4,57","58,79M","-2,14%"
"07.11.2018","4,67","5,02","5,03","4,51","154,66M","-4,89%"
"06.11.2018","4,91","5,15","5,18","4,86","108,13M","-8,22%"
"05.11.2018","5,35","5,27","5,36","5,21","43,54M","1,71%"
"01.11.2018","5,26","5,26","5,29","5,17","34,86M","0,57%"
"31.10.2018","5,23","5,26","5,32","5,13","37,12M","-0,19%"
"30.10.2018","5,24","5,20","5,25","5,10","53,78M","1,75%"
"29.10.2018","5,15","5,32","5,38","5,06","43,96M","-0,19%"
"26.10.2018","5,16","5,23","5,23","5,09","48,89M","-0,96%"
"25.10.2018","5,21","5,26","5,28","5,11","48,41M","0,19%"
"24.10.2018","5,20","5,26","5,31","5,20","35,34M","-0,57%"
"23.10.2018","5,23","5,14","5,30","5,09","44,91M","1,16%"
"22.10.2018","5,17","5,26","5,39","5,17","45,78M","-1,15%"
"19.10.2018","5,23","5,02","5,32","4,98","61,43M","5,02%"
"18.10.2018","4,98","5,01","5,01","4,92","41,85M","-0,60%"
"17.10.2018","5,01","4,88","5,05","4,83","58,38M","1,62%"
"16.10.2018","4,93","4,74","4,96","4,69","67,73M","6,25%"
"15.10.2018","4,64","4,74","4,80","4,62","42,02M","-0,64%"
"11.10.2018","4,67","4,52","4,70","4,52","66,05M","4,94%"
"10.10.2018","4,45","4,60","4,64","4,45","52,59M","-4,30%"
"09.10.2018","4,65","4,58","4,71","4,54","47,88M","1,09%"
"08.10.2018","4,60","4,61","4,68","4,56","54,42M","4,55%"
"05.10.2018","4,40","4,41","4,46","4,33","66,41M","1,85%"
"04.10.2018","4,32","4,23","4,33","4,13","61,30M","0,23%"
"03.10.2018","4,31","4,24","4,35","4,24","96,15M","6,68%"
"02.10.2018","4,04","3,86","4,06","3,86","55,25M","6,32%"
"01.10.2018","3,80","3,82","3,86","3,75","21,31M","0,26%"
"28.09.2018","3,79","3,82","3,89","3,78","34,51M","-1,30%"
"27.09.2018","3,84","3,82","3,91","3,81","35,97M","1,59%"
"26.09.2018","3,78","3,81","3,87","3,78","39,81M","-0,79%"
"25.09.2018","3,81","3,66","3,87","3,66","31,51M","1,33%"
"24.09.2018","3,76","3,81","3,81","3,71","35,98M","-2,08%"
"21.09.2018","3,84","3,70","3,88","3,68","60,20M","4,63%"
"20.09.2018","3,67","3,78","3,78","3,63","37,64M","-0,27%"
"19.09.2018","3,68","3,81","3,82","3,68","51,95M","-4,42%"
"18.09.2018","3,85","3,67","3,87","3,66","49,16M","4,62%"
"17.09.2018","3,68","3,59","3,69","3,57","28,68M","2,51%"
"14.09.2018","3,59","3,57","3,64","3,54","40,79M","0,56%"
"13.09.2018","3,57","3,72","3,72","3,56","50,00M","-3,51%"
"12.09.2018","3,70","3,74","3,76","3,66","37,23M","0,27%"
"11.09.2018","3,69","3,69","3,75","3,66","31,86M","-2,12%"
"10.09.2018","3,77","3,91","3,94","3,68","62,01M","-2,84%"
"06.09.2018","3,88","3,84","3,90","3,79","36,32M","2,92%"
"05.09.2018","3,77","3,64","3,80","3,62","53,38M","3,29%"
"04.09.2018","3,65","3,92","3,93","3,64","67,10M","-6,89%"
"03.09.2018","3,92","3,99","3,99","3,89","26,43M","-2,73%"
"31.08.2018","4,03","4,02","4,04","3,96","41,66M","2,03%"
"30.08.2018","3,95","4,07","4,14","3,93","39,07M","-3,42%"
"29.08.2018","4,09","4,03","4,13","4,03","46,17M","2,25%"
"28.08.2018","4,00","4,07","4,12","3,92","63,59M","-1,72%"
"27.08.2018","4,07","4,14","4,17","4,05","35,96M","-0,49%"
"24.08.2018","4,09","4,18","4,21","4,06","31,91M","-0,49%"
"23.08.2018","4,11","4,16","4,26","4,07","51,53M","-1,20%"
"22.08.2018","4,16","4,14","4,21","4,03","35,02M","1,46%"
"21.08.2018","4,10","4,27","4,35","4,06","78,16M","-4,21%"
"20.08.2018","4,28","4,14","4,28","4,13","30,30M","3,38%"
"17.08.2018","4,14","4,21","4,24","4,09","44,65M","-1,90%"
"16.08.2018","4,22","4,39","4,39","4,22","45,12M","-1,63%"
"15.08.2018","4,29","4,33","4,35","4,26","39,46M","-2,28%"
"14.08.2018","4,39","4,41","4,43","4,36","22,32M","0,46%"
"13.08.2018","4,37","4,31","4,38","4,23","33,55M","1,63%"
"10.08.2018","4,30","4,49","4,52","4,29","61,94M","-5,49%"
"09.08.2018","4,55","4,36","4,55","4,29","51,39M","4,84%"
"08.08.2018","4,34","4,48","4,51","4,32","58,60M","-3,98%"
"07.08.2018","4,52","4,60","4,60","4,47","114,85M","5,85%"
"06.08.2018","4,27","4,26","4,29","4,19","41,88M","0,71%"
"03.08.2018","4,24","4,24","4,27","4,19","43,01M","0,00%"
"02.08.2018","4,24","4,16","4,24","4,16","31,95M","1,92%"
"01.08.2018","4,16","4,09","4,18","4,07","30,55M","1,71%"
"31.07.2018","4,09","4,02","4,09","4,00","23,18M","1,74%"
"30.07.2018","4,02","4,01","4,08","4,01","25,92M","0,00%"
"27.07.2018","4,02","4,09","4,12","4,01","36,12M","-1,23%"
"26.07.2018","4,07","4,14","4,14","4,04","33,08M","-1,21%"
"25.07.2018","4,12","4,16","4,19","4,07","34,08M","-0,48%"
"24.07.2018","4,14","4,06","4,15","4,06","34,89M","2,99%"
"23.07.2018","4,02","4,03","4,05","3,97","19,58M","-0,74%"
"20.07.2018","4,05","4,09","4,11","4,00","40,59M","1,50%"
"19.07.2018","3,99","3,94","3,99","3,84","52,83M","1,53%"
"18.07.2018","3,93","4,11","4,18","3,92","61,89M","-3,91%"
"17.07.2018","4,09","3,95","4,10","3,93","51,19M","3,54%"
"16.07.2018","3,95","3,90","3,98","3,87","37,50M","1,54%"
"13.07.2018","3,89","3,83","3,95","3,80","54,35M","1,83%"
"12.07.2018","3,82","3,65","3,82","3,60","67,98M","7,61%"
"11.07.2018","3,55","3,62","3,72","3,51","41,23M","-2,74%"
"10.07.2018","3,65","3,81","3,84","3,64","62,74M","-3,18%"
"06.07.2018","3,77","3,75","3,78","3,59","54,69M","1,34%"
"05.07.2018","3,72","3,87","3,87","3,70","44,17M","-3,38%"
"04.07.2018","3,85","3,89","3,91","3,83","17,83M","-0,26%"
"03.07.2018","3,86","3,93","3,96","3,83","66,96M","-0,52%"
"02.07.2018","3,88","3,94","3,99","3,87","32,12M","-2,02%"
"29.06.2018","3,96","3,87","3,98","3,86","55,82M","3,39%"
"28.06.2018","3,83","3,76","3,88","3,76","40,21M","1,86%"
"27.06.2018","3,76","3,84","3,85","3,75","32,07M","-1,83%"
"26.06.2018","3,83","3,82","3,88","3,78","50,64M","0,79%"
"25.06.2018","3,80","3,82","3,85","3,72","72,83M","0,00%"
"22.06.2018","3,80","3,84","3,86","3,77","33,61M","1,06%"
"21.06.2018","3,76","3,78","3,88","3,75","51,89M","-0,27%"
"20.06.2018","3,77","3,78","4,01","3,77","75,12M","-1,57%"
"19.06.2018","3,83","3,60","3,86","3,57","74,29M","4,93%"
"18.06.2018","3,65","3,67","3,70","3,59","38,31M","-1,62%"
"15.06.2018","3,71","3,75","3,76","3,56","74,41M","0,27%"
"14.06.2018","3,70","3,50","3,75","3,50","110,04M","6,32%"
"13.06.2018","3,48","3,45","3,51","3,36","69,22M","2,05%"
"12.06.2018","3,41","3,33","3,46","3,30","79,55M","3,65%"
"11.06.2018","3,29","3,33","3,43","3,25","58,59M","0,61%"
"08.06.2018","3,27","3,39","3,40","3,08","112,92M","-0,61%"
"07.06.2018","3,29","3,51","3,51","2,95","164,31M","-7,06%"
"06.06.2018","3,54","3,74","3,74","3,53","74,82M","-5,60%"
"05.06.2018","3,75","3,74","3,79","3,68","70,83M","-2,60%"
"04.06.2018","3,85","3,61","3,90","3,61","109,82M","7,84%"
"01.06.2018","3,57","3,43","3,59","3,39","88,99M","6,25%"
"30.05.2018","3,36","3,29","3,41","3,25","361,03M","4,02%"
"29.05.2018","3,23","3,34","3,41","3,21","81,50M","-0,62%"
"28.05.2018","3,25","3,41","3,44","3,22","77,08M","-6,34%"
"25.05.2018","3,47","3,51","3,53","3,46","53,97M","-0,86%"
"24.05.2018","3,50","3,37","3,51","3,34","49,65M","1,16%"
"23.05.2018","3,46","3,48","3,51","3,41","45,02M","-1,98%"
"22.05.2018","3,53","3,41","3,53","3,39","60,41M","4,13%"
"21.05.2018","3,39","3,37","3,44","3,35","48,57M","4,31%"
"18.05.2018","3,25","3,34","3,35","3,17","105,16M","-4,13%"
"17.05.2018","3,39","3,47","3,51","3,33","53,35M","-2,31%"
"16.05.2018","3,47","3,28","3,54","3,28","67,44M","5,15%"
"15.05.2018","3,30","3,35","3,42","3,28","53,11M","-1,49%"
"14.05.2018","3,35","3,39","3,43","3,26","47,36M","-0,30%"
"11.05.2018","3,36","3,39","3,44","3,30","46,02M","-0,88%"
"10.05.2018","3,39","3,49","3,54","3,39","61,09M","-2,87%"
"09.05.2018","3,49","3,44","3,54","3,34","81,67M","1,45%"
"08.05.2018","3,44","3,24","3,44","3,17","160,93M","14,67%"
"07.05.2018","3,00","3,05","3,09","2,99","38,84M","-0,66%"
"04.05.2018","3,02","3,03","3,10","2,96","61,14M","0,33%"
"03.05.2018","3,01","3,20","3,21","3,00","95,68M","-5,05%"
"02.05.2018","3,17","3,31","3,32","3,17","45,65M","-3,94%"
"30.04.2018","3,30","3,26","3,34","3,25","29,91M","1,23%"
"27.04.2018","3,26","3,25","3,31","3,21","68,50M","0,62%"
"26.04.2018","3,24","3,14","3,25","3,12","36,61M","3,18%"
"25.04.2018","3,14","3,10","3,15","3,05","28,78M","0,32%"
"24.04.2018","3,13","3,09","3,16","3,07","38,25M","1,29%"
"23.04.2018","3,09","3,01","3,09","2,98","40,06M","3,00%"
"20.04.2018","3,00","2,91","3,02","2,91","41,31M","2,74%"
"19.04.2018","2,92","2,98","2,99","2,91","33,78M","-1,35%"
"18.04.2018","2,96","3,03","3,04","2,95","48,07M","-1,33%"
"17.04.2018","3,00","3,01","3,02","2,97","25,35M","1,01%"
"16.04.2018","2,97","3,03","3,07","2,96","50,14M","-1,98%"
"13.04.2018","3,03","3,05","3,06","3,01","20,17M","-1,30%"
"12.04.2018","3,07","2,96","3,11","2,96","52,20M","2,68%"
"11.04.2018","2,99","2,92","2,99","2,89","37,26M","2,05%"
"10.04.2018","2,93","3,03","3,03","2,89","58,20M","-1,68%"
"09.04.2018","2,98","3,03","3,06","2,93","35,68M","-1,65%"
"06.04.2018","3,03","3,04","3,06","3,01","31,43M","-0,66%"
"05.04.2018","3,05","3,07","3,07","3,01","35,29M","2,35%"
"04.04.2018","2,98","2,99","2,99","2,84","60,48M","-0,33%"
"03.04.2018","2,99","3,05","3,07","2,99","45,07M","-0,99%"
"02.04.2018","3,02","3,04","3,08","2,99","40,49M","0,00%"
"29.03.2018","3,02","3,03","3,05","3,00","28,60M","1,00%"
"28.03.2018","2,99","2,98","3,04","2,94","52,54M","0,00%"
"27.03.2018","2,99","3,11","3,14","2,97","117,99M","-3,24%"
"26.03.2018","3,09","2,96","3,09","2,95","77,49M","5,46%"
"23.03.2018","2,93","2,93","2,99","2,92","39,92M","-0,68%"
"22.03.2018","2,95","2,87","2,96","2,84","52,13M","2,79%"
"21.03.2018","2,87","2,79","2,87","2,78","42,97M","3,24%"
"20.03.2018","2,78","2,82","2,84","2,78","28,07M","-0,71%"
"19.03.2018","2,80","2,80","2,84","2,77","31,71M","-2,10%"
"16.03.2018","2,86","2,82","2,87","2,79","55,78M","1,78%"
"15.03.2018","2,81","2,76","2,82","2,74","32,73M","1,44%"
"14.03.2018","2,77","2,83","2,85","2,75","43,58M","-2,12%"
"13.03.2018","2,83","2,87","2,89","2,78","47,09M","-1,05%"
"12.03.2018","2,86","2,85","2,89","2,81","38,31M","2,14%"
"09.03.2018","2,80","2,72","2,85","2,70","73,28M","2,94%"
"08.03.2018","2,72","2,75","2,76","2,66","56,65M","-2,16%"
"07.03.2018","2,78","2,76","2,78","2,71","22,56M","1,09%"
"06.03.2018","2,75","2,82","2,84","2,73","34,25M","-1,43%"
"05.03.2018","2,79","2,86","2,87","2,78","37,66M","-2,79%"
"02.03.2018","2,87","2,82","2,87","2,79","41,28M","0,70%"
"01.03.2018","2,85","2,81","2,87","2,77","53,09M","1,42%"
"28.02.2018","2,81","2,81","2,87","2,76","51,53M","-0,35%"
"27.02.2018","2,82","2,90","2,93","2,81","93,50M","-3,09%"
"26.02.2018","2,91","2,69","2,91","2,69","96,26M","8,18%"
"23.02.2018","2,69","2,66","2,70","2,63","188,37M","7,17%"
"22.02.2018","2,51","2,49","2,53","2,47","36,26M","2,03%"
"21.02.2018","2,46","2,56","2,59","2,45","83,36M","-3,91%"
"20.02.2018","2,56","2,51","2,56","2,47","30,27M","0,79%"
"19.02.2018","2,54","2,46","2,54","2,44","28,30M","4,53%"
"16.02.2018","2,43","2,47","2,51","2,38","34,99M","-0,82%"
"15.02.2018","2,45","2,33","2,45","2,33","39,01M","6,06%"
"14.02.2018","2,31","2,30","2,31","2,23","59,08M","1,32%"
"09.02.2018","2,28","2,36","2,38","2,23","51,41M","-2,98%"
"08.02.2018","2,35","2,47","2,49","2,34","43,81M","-3,69%"
"07.02.2018","2,44","2,52","2,52","2,44","35,80M","-3,17%"
"06.02.2018","2,52","2,43","2,53","2,41","44,37M","1,20%"
"05.02.2018","2,49","2,58","2,58","2,49","30,10M","-3,86%"
"02.02.2018","2,59","2,65","2,65","2,58","31,53M","-2,26%"
"01.02.2018","2,65","2,60","2,65","2,60","27,81M","1,53%"
"31.01.2018","2,61","2,66","2,67","2,60","33,08M","0,00%"
"30.01.2018","2,61","2,61","2,67","2,57","35,95M","0,00%"
"29.01.2018","2,61","2,53","2,61","2,50","25,88M","1,95%"
"26.01.2018","2,56","2,53","2,61","2,50","65,68M","2,40%"
"24.01.2018","2,50","2,32","2,50","2,31","71,09M","8,23%"
"23.01.2018","2,31","2,37","2,38","2,30","35,89M","-2,94%"
"22.01.2018","2,38","2,40","2,40","2,34","21,12M","0,42%"
"19.01.2018","2,37","2,40","2,43","2,37","17,63M","-0,84%"
"18.01.2018","2,39","2,44","2,45","2,36","34,07M","-1,65%"
"17.01.2018","2,43","2,44","2,46","2,41","15,52M","0,00%"
"16.01.2018","2,43","2,44","2,47","2,42","24,74M","-0,41%"
"15.01.2018","2,44","2,41","2,45","2,40","20,08M","2,09%"
"12.01.2018","2,39","2,37","2,42","2,36","27,24M","-0,42%"
"11.01.2018","2,40","2,42","2,43","2,39","17,77M","0,42%"
"10.01.2018","2,39","2,36","2,42","2,34","34,76M","0,84%"
"09.01.2018","2,37","2,45","2,46","2,36","31,02M","-2,47%"
"08.01.2018","2,43","2,42","2,47","2,42","28,80M","0,00%"
"05.01.2018","2,43","2,48","2,50","2,42","30,68M","-2,02%"
"04.01.2018","2,48","2,47","2,49","2,45","47,94M","2,48%"
"03.01.2018","2,42","2,44","2,51","2,39","41,39M","-1,22%"
"02.01.2018","2,45","2,50","2,54","2,42","59,43M","-1,21%"